{
  "num_tools": 20,
  "num_queries": 30,
  "compile_ms": 1386.0995999712031,
  "compile_cache_hit": false,
  "compile_total_ms": 5758.264399977634,
  "cache_size_mb": 400.921875,
  "cache_prefix_tokens": 2851,
  "cache_hit": {
    "link_ms": {
      "mean": 1.9727833326517914,
      "std": 0.12919549125782237,
      "min": 1.847000006819144,
      "max": 2.516100008506328,
      "p50": 1.961350004421547,
      "p95": 2.1107350039528683
    },
    "prefill_ms": {
      "mean": 112.10669333716699,
      "std": 11.405844983369528,
      "min": 102.11569999228232,
      "max": 156.40070001245476,
      "p50": 108.65455000021029,
      "p95": 132.88629001617664
    },
    "decode_ms": {
      "mean": 5805.525806670387,
      "std": 2868.5074111169597
    },
    "total_ms": {
      "mean": 5921.158993338274,
      "std": 2872.1241282467004
    },
    "ttft_ms": {
      "mean": 114.07947666981877,
      "p50": 110.61590000463184,
      "p95": 134.9970250201295
    }
  },
  "full_prefill": {
    "prefill_ms": {
      "mean": 787.4116733282184,
      "std": 32.03920640319489,
      "min": 733.7655000155792,
      "max": 846.8952999974135,
      "p50": 785.7161499996437,
      "p95": 837.9157649862464
    },
    "decode_ms": {
      "mean": 6390.056930000234,
      "std": 2860.6983022819136
    },
    "total_ms": {
      "mean": 7183.610896666262,
      "std": 2860.2655798100345
    },
    "ttft_ms": {
      "mean": 787.4116733282184,
      "p50": 785.7161499996437,
      "p95": 837.9157649862464
    },
    "prompt_tokens": {
      "mean": 2931.633333333333
    }
  },
  "amortization": {
    "compile_cost_ms": 1386.0995999712031,
    "savings_per_request_ms": 673.3321966583997,
    "break_even_requests": 2.058567237464824,
    "speedup_factor": 6.902307902474263,
    "savings_100_requests_ms": 65947.12006586876,
    "savings_1000_requests_ms": 671946.0970584285,
    "savings_10000_requests_ms": 6731935.866984025
  }
}